Mã video,Dấu thời gian đã tạo video trong danh sách phát
kQcTSYMCMc0,2024-02-06T08:52:33+00:00
vb9Yf_QlImE,2023-12-05T15:48:28+00:00
Y-HOC7PP0lY,2023-11-16T05:38:59+00:00
ztHopE5Wnpc,2023-03-30T03:45:40+00:00
zyXvGcUnXls,2023-02-14T15:29:15+00:00
6MBaFL7sCb8,2023-02-09T15:16:32+00:00
arj7oStGLkU,2023-02-08T13:13:48+00:00
n3kNlFMXslo,2023-02-06T13:59:04+00:00
S8yWLA--S8Q,2023-02-05T14:52:10+00:00
eNKh8Ory-ZA,2023-01-21T12:30:26+00:00
5y6xYafaN4s,2023-01-21T12:30:19+00:00
xRX6O44-ooY,2023-01-21T12:30:12+00:00
xCjmQYY7CGg,2023-01-21T12:29:25+00:00
iyZFHGj5DVQ,2023-01-21T12:29:17+00:00
5qVOgUlbDM0,2023-01-20T14:24:41+00:00
QrZ9YxleQ9w,2022-10-18T02:16:00+00:00
WSsuLj1Rl30,2022-10-14T06:41:27+00:00
jS4aFq5-91M,2022-09-23T01:15:08+00:00
OMkGyMhM7OM,2022-08-26T12:26:49+00:00





